to,from,number,subregion_to,subregion_from
Canada,Afghanistan,5,Northern America,Southern Asia
France,Afghanistan,12,Western Europe,Southern Asia
Germany,Afghanistan,153,Western Europe,Southern Asia
Norway,Afghanistan,22,Northern Europe,Southern Asia
Switzerland,Afghanistan,6,Western Europe,Southern Asia
United Kingdom,Afghanistan,53,Northern Europe,Southern Asia
Belgium,Albania,2,Western Europe,Southern Europe
Canada,Albania,24,Northern America,Southern Europe
France,Albania,15,Western Europe,Southern Europe
Germany,Albania,570,Western Europe,Southern Europe
Ireland,Albania,2,Northern Europe,Southern Europe
New Zealand,Albania,1,Australia and New Zealand,Southern Europe
Norway,Albania,1,Northern Europe,Southern Europe
Switzerland,Albania,13,Western Europe,Southern Europe
United Kingdom,Albania,27,Northern Europe,Southern Europe
Slovenia,Albania,3,Southern Europe,Southern Europe
Belgium,Algeria,34,Western Europe,Northern Africa
Canada,Algeria,107,Northern America,Northern Africa
France,Algeria,3824,Western Europe,Northern Africa
Germany,Algeria,90,Western Europe,Northern Africa
Ireland,Algeria,2,Northern Europe,Northern Africa
Norway,Algeria,6,Northern Europe,Northern Africa
Switzerland,Algeria,110,Western Europe,Northern Africa
United Kingdom,Algeria,39,Northern Europe,Northern Africa
Israel,Algeria,6,Western Asia,Northern Africa
Germany,Angola,3,Western Europe,Sub-Saharan Africa
United Kingdom,Angola,1,Northern Europe,Sub-Saharan Africa
Canada,Antigua and Barbuda,40,Northern America,Latin America and the Caribbean
United Kingdom,Antigua and Barbuda,12,Northern Europe,Latin America and the Caribbean
Belgium,Argentina,20,Western Europe,Latin America and the Caribbean
Canada,Argentina,137,Northern America,Latin America and the Caribbean
France,Argentina,199,Western Europe,Latin America and the Caribbean
Germany,Argentina,40,Western Europe,Latin America and the Caribbean
Hungary,Argentina,3,Eastern Europe,Latin America and the Caribbean
Ireland,Argentina,12,Northern Europe,Latin America and the Caribbean
New Zealand,Argentina,10,Australia and New Zealand,Latin America and the Caribbean
Norway,Argentina,5,Northern Europe,Latin America and the Caribbean
Switzerland,Argentina,64,Western Europe,Latin America and the Caribbean
United Kingdom,Argentina,70,Northern Europe,Latin America and the Caribbean
Chile,Argentina,582,Latin America and the Caribbean,Latin America and the Caribbean
Israel,Argentina,349,Western Asia,Latin America and the Caribbean
Slovenia,Argentina,5,Southern Europe,Latin America and the Caribbean
Belgium,Armenia,4,Western Europe,Western Asia
Canada,Armenia,13,Northern America,Western Asia
Czech Republic,Armenia,1,Eastern Europe,Western Asia
France,Armenia,37,Western Europe,Western Asia
Germany,Armenia,216,Western Europe,Western Asia
Hungary,Armenia,1,Eastern Europe,Western Asia
Ireland,Armenia,1,Northern Europe,Western Asia
Norway,Armenia,2,Northern Europe,Western Asia
Switzerland,Armenia,4,Western Europe,Western Asia
United Kingdom,Armenia,28,Northern Europe,Western Asia
Estonia,Armenia,1,Northern Europe,Western Asia
Belgium,Australia,5,Western Europe,Australia and New Zealand
Canada,Australia,590,Northern America,Australia and New Zealand
France,Australia,3,Western Europe,Australia and New Zealand
Germany,Australia,20,Western Europe,Australia and New Zealand
Ireland,Australia,119,Northern Europe,Australia and New Zealand
New Zealand,Australia,533,Australia and New Zealand,Australia and New Zealand
Norway,Australia,87,Northern Europe,Australia and New Zealand
Switzerland,Australia,11,Western Europe,Australia and New Zealand
United Kingdom,Australia,522,Northern Europe,Australia and New Zealand
Israel,Australia,80,Western Asia,Australia and New Zealand
Belgium,Austria,27,Western Europe,Western Europe
Canada,Austria,33,Northern America,Western Europe
Czech Republic,Austria,4,Eastern Europe,Western Europe
France,Austria,34,Western Europe,Western Europe
Germany,Austria,2012,Western Europe,Western Europe
Hungary,Austria,5,Eastern Europe,Western Europe
Ireland,Austria,7,Northern Europe,Western Europe
New Zealand,Austria,13,Australia and New Zealand,Western Europe
Norway,Austria,74,Northern Europe,Western Europe
Switzerland,Austria,815,Western Europe,Western Europe
United Kingdom,Austria,91,Northern Europe,Western Europe
Chile,Austria,1,Latin America and the Caribbean,Western Europe
Israel,Austria,20,Western Asia,Western Europe
Slovenia,Austria,18,Southern Europe,Western Europe
Canada,Azerbaijan,2,Northern America,Western Asia
Czech Republic,Azerbaijan,4,Eastern Europe,Western Asia
France,Azerbaijan,3,Western Europe,Western Asia
Germany,Azerbaijan,646,Western Europe,Western Asia
Hungary,Azerbaijan,1,Eastern Europe,Western Asia
Norway,Azerbaijan,5,Northern Europe,Western Asia
Switzerland,Azerbaijan,2,Western Europe,Western Asia
United Kingdom,Azerbaijan,16,Northern Europe,Western Asia
Estonia,Azerbaijan,4,Northern Europe,Western Asia
Israel,Azerbaijan,6,Western Asia,Western Asia
Canada,Bahamas,1,Northern America,Latin America and the Caribbean
Canada,Bahrain,21,Northern America,Western Asia
Germany,Bahrain,8,Western Europe,Western Asia
Ireland,Bahrain,21,Northern Europe,Western Asia
United Kingdom,Bahrain,55,Northern Europe,Western Asia
Canada,Bangladesh,138,Northern America,Southern Asia
France,Bangladesh,3,Western Europe,Southern Asia
Germany,Bangladesh,9,Western Europe,Southern Asia
Ireland,Bangladesh,44,Northern Europe,Southern Asia
New Zealand,Bangladesh,43,Australia and New Zealand,Southern Asia
Norway,Bangladesh,16,Northern Europe,Southern Asia
United Kingdom,Bangladesh,654,Northern Europe,Southern Asia
Canada,Barbados,7,Northern America,Latin America and the Caribbean
New Zealand,Barbados,3,Australia and New Zealand,Latin America and the Caribbean
Belgium,Belarus,1,Western Europe,Eastern Europe
Canada,Belarus,33,Northern America,Eastern Europe
Czech Republic,Belarus,34,Eastern Europe,Eastern Europe
France,Belarus,30,Western Europe,Eastern Europe
Germany,Belarus,438,Western Europe,Eastern Europe
Ireland,Belarus,17,Northern Europe,Eastern Europe
New Zealand,Belarus,2,Australia and New Zealand,Eastern Europe
Norway,Belarus,22,Northern Europe,Eastern Europe
Switzerland,Belarus,8,Western Europe,Eastern Europe
United Kingdom,Belarus,62,Northern Europe,Eastern Europe
Estonia,Belarus,7,Northern Europe,Eastern Europe
Israel,Belarus,5,Western Asia,Eastern Europe
Slovenia,Belarus,3,Southern Europe,Eastern Europe
Austria,Belgium,3,Western Europe,Western Europe
Canada,Belgium,110,Northern America,Western Europe
France,Belgium,1821,Western Europe,Western Europe
Germany,Belgium,274,Western Europe,Western Europe
Ireland,Belgium,16,Northern Europe,Western Europe
New Zealand,Belgium,27,Australia and New Zealand,Western Europe
Norway,Belgium,40,Northern Europe,Western Europe
Switzerland,Belgium,194,Western Europe,Western Europe
United Kingdom,Belgium,129,Northern Europe,Western Europe
Chile,Belgium,9,Latin America and the Caribbean,Western Europe
Israel,Belgium,47,Western Asia,Western Europe
Canada,Belize,12,Northern America,Latin America and the Caribbean
Norway,Belize,2,Northern Europe,Latin America and the Caribbean
United Kingdom,Belize,1,Northern Europe,Latin America and the Caribbean
Belgium,Benin,1,Western Europe,Sub-Saharan Africa
Canada,Benin,3,Northern America,Sub-Saharan Africa
France,Benin,101,Western Europe,Sub-Saharan Africa
Germany,Benin,4,Western Europe,Sub-Saharan Africa
United Kingdom,Benin,1,Northern Europe,Sub-Saharan Africa
Switzerland,Bhutan,1,Western Europe,Southern Asia
Belgium,Bolivia,4,Western Europe,Latin America and the Caribbean
Canada,Bolivia,3,Northern America,Latin America and the Caribbean
France,Bolivia,7,Western Europe,Latin America and the Caribbean
Germany,Bolivia,47,Western Europe,Latin America and the Caribbean
Ireland,Bolivia,4,Northern Europe,Latin America and the Caribbean
Norway,Bolivia,7,Northern Europe,Latin America and the Caribbean
Switzerland,Bolivia,9,Western Europe,Latin America and the Caribbean
United Kingdom,Bolivia,6,Northern Europe,Latin America and the Caribbean
Chile,Bolivia,580,Latin America and the Caribbean,Latin America and the Caribbean
Israel,Bolivia,6,Western Asia,Latin America and the Caribbean
Belgium,Bosnia and Herzegovina,2,Western Europe,Southern Europe
Canada,Bosnia and Herzegovina,38,Northern America,Southern Europe
Czech Republic,Bosnia and Herzegovina,6,Eastern Europe,Southern Europe
France,Bosnia and Herzegovina,9,Western Europe,Southern Europe
Germany,Bosnia and Herzegovina,470,Western Europe,Southern Europe
Hungary,Bosnia and Herzegovina,2,Eastern Europe,Southern Europe
New Zealand,Bosnia and Herzegovina,2,Australia and New Zealand,Southern Europe
Norway,Bosnia and Herzegovina,60,Northern Europe,Southern Europe
Switzerland,Bosnia and Herzegovina,59,Western Europe,Southern Europe
United Kingdom,Bosnia and Herzegovina,28,Northern Europe,Southern Europe
Slovenia,Bosnia and Herzegovina,92,Southern Europe,Southern Europe
Belgium,Brazil,17,Western Europe,Latin America and the Caribbean
Canada,Brazil,194,Northern America,Latin America and the Caribbean
France,Brazil,71,Western Europe,Latin America and the Caribbean
Germany,Brazil,126,Western Europe,Latin America and the Caribbean
Ireland,Brazil,13,Northern Europe,Latin America and the Caribbean
New Zealand,Brazil,8,Australia and New Zealand,Latin America and the Caribbean
Norway,Brazil,16,Northern Europe,Latin America and the Caribbean
Switzerland,Brazil,43,Western Europe,Latin America and the Caribbean
United Kingdom,Brazil,109,Northern Europe,Latin America and the Caribbean
Chile,Brazil,61,Latin America and the Caribbean,Latin America and the Caribbean
Israel,Brazil,98,Western Asia,Latin America and the Caribbean
Germany,Brunei Darussalam,3,Western Europe,South-Eastern Asia
Austria,Bulgaria,26,Western Europe,Eastern Europe
Belgium,Bulgaria,105,Western Europe,Eastern Europe
Canada,Bulgaria,66,Northern America,Eastern Europe
Czech Republic,Bulgaria,19,Eastern Europe,Eastern Europe
France,Bulgaria,455,Western Europe,Eastern Europe
Germany,Bulgaria,1497,Western Europe,Eastern Europe
Hungary,Bulgaria,8,Eastern Europe,Eastern Europe
Ireland,Bulgaria,127,Northern Europe,Eastern Europe
New Zealand,Bulgaria,12,Australia and New Zealand,Eastern Europe
Norway,Bulgaria,61,Northern Europe,Eastern Europe
Switzerland,Bulgaria,92,Western Europe,Eastern Europe
United Kingdom,Bulgaria,352,Northern Europe,Eastern Europe
Chile,Bulgaria,6,Latin America and the Caribbean,Eastern Europe
Israel,Bulgaria,64,Western Asia,Eastern Europe
Slovenia,Bulgaria,38,Southern Europe,Eastern Europe
Belgium,Burkina Faso,1,Western Europe,Sub-Saharan Africa
Canada,Burkina Faso,1,Northern America,Sub-Saharan Africa
France,Burkina Faso,15,Western Europe,Sub-Saharan Africa
Germany,Burkina Faso,4,Western Europe,Sub-Saharan Africa
Belgium,Burundi,3,Western Europe,Sub-Saharan Africa
Canada,Burundi,2,Northern America,Sub-Saharan Africa
France,Burundi,40,Western Europe,Sub-Saharan Africa
Germany,Burundi,3,Western Europe,Sub-Saharan Africa
United Kingdom,Burundi,5,Northern Europe,Sub-Saharan Africa
Canada,Cambodia,1,Northern America,South-Eastern Asia
France,Cambodia,35,Western Europe,South-Eastern Asia
New Zealand,Cambodia,2,Australia and New Zealand,South-Eastern Asia
Belgium,Cameroon,2,Western Europe,Sub-Saharan Africa
Canada,Cameroon,8,Northern America,Sub-Saharan Africa
France,Cameroon,65,Western Europe,Sub-Saharan Africa
Germany,Cameroon,179,Western Europe,Sub-Saharan Africa
Ireland,Cameroon,1,Northern Europe,Sub-Saharan Africa
Switzerland,Cameroon,8,Western Europe,Sub-Saharan Africa
United Kingdom,Cameroon,12,Northern Europe,Sub-Saharan Africa
Australia,Canada,125,Australia and New Zealand,Northern America
Belgium,Canada,3,Western Europe,Northern America
France,Canada,36,Western Europe,Northern America
Germany,Canada,74,Western Europe,Northern America
Ireland,Canada,7,Northern Europe,Northern America
New Zealand,Canada,86,Australia and New Zealand,Northern America
Norway,Canada,3,Northern Europe,Northern America
Switzerland,Canada,8,Western Europe,Northern America
United Kingdom,Canada,42,Northern Europe,Northern America
Chile,Canada,3,Latin America and the Caribbean,Northern America
Israel,Canada,53,Western Asia,Northern America
France,Central African Republic,15,Western Europe,Sub-Saharan Africa
Germany,Central African Republic,3,Western Europe,Sub-Saharan Africa
Germany,Chad,1,Western Europe,Sub-Saharan Africa
Belgium,Chile,8,Western Europe,Latin America and the Caribbean
Canada,Chile,40,Northern America,Latin America and the Caribbean
France,Chile,14,Western Europe,Latin America and the Caribbean
Germany,Chile,43,Western Europe,Latin America and the Caribbean
New Zealand,Chile,4,Australia and New Zealand,Latin America and the Caribbean
Norway,Chile,1,Northern Europe,Latin America and the Caribbean
Switzerland,Chile,6,Western Europe,Latin America and the Caribbean
United Kingdom,Chile,24,Northern Europe,Latin America and the Caribbean
Estonia,Chile,1,Northern Europe,Latin America and the Caribbean
Israel,Chile,25,Western Asia,Latin America and the Caribbean
Australia,China,673,Australia and New Zealand,Eastern Asia
Belgium,China,2,Western Europe,Eastern Asia
Canada,China,414,Northern America,Eastern Asia
France,China,56,Western Europe,Eastern Asia
Germany,China,223,Western Europe,Eastern Asia
Hungary,China,1,Eastern Europe,Eastern Asia
Ireland,China,53,Northern Europe,Eastern Asia
New Zealand,China,74,Australia and New Zealand,Eastern Asia
Norway,China,23,Northern Europe,Eastern Asia
Switzerland,China,16,Western Europe,Eastern Asia
United Kingdom,China,229,Northern Europe,Eastern Asia
Belgium,Colombia,20,Western Europe,Latin America and the Caribbean
Canada,Colombia,170,Northern America,Latin America and the Caribbean
France,Colombia,61,Western Europe,Latin America and the Caribbean
Germany,Colombia,248,Western Europe,Latin America and the Caribbean
Ireland,Colombia,15,Northern Europe,Latin America and the Caribbean
New Zealand,Colombia,6,Australia and New Zealand,Latin America and the Caribbean
Norway,Colombia,3,Northern Europe,Latin America and the Caribbean
Switzerland,Colombia,38,Western Europe,Latin America and the Caribbean
United Kingdom,Colombia,80,Northern Europe,Latin America and the Caribbean
Chile,Colombia,2107,Latin America and the Caribbean,Latin America and the Caribbean
Israel,Colombia,28,Western Asia,Latin America and the Caribbean
Switzerland,Comoros,1,Western Europe,Sub-Saharan Africa
Canada,Congo,3,Northern America,Sub-Saharan Africa
France,Congo,125,Western Europe,Sub-Saharan Africa
Germany,Congo,4,Western Europe,Sub-Saharan Africa
Ireland,Congo,1,Northern Europe,Sub-Saharan Africa
Norway,Congo,1,Northern Europe,Sub-Saharan Africa
Switzerland,Congo,3,Western Europe,Sub-Saharan Africa
United Kingdom,Congo,3,Northern Europe,Sub-Saharan Africa
United Kingdom,Cook Islands,1,Northern Europe,Polynesia
Belgium,Costa Rica,1,Western Europe,Latin America and the Caribbean
Canada,Costa Rica,14,Northern America,Latin America and the Caribbean
France,Costa Rica,1,Western Europe,Latin America and the Caribbean
Ireland,Costa Rica,1,Northern Europe,Latin America and the Caribbean
New Zealand,Costa Rica,1,Australia and New Zealand,Latin America and the Caribbean
Switzerland,Costa Rica,2,Western Europe,Latin America and the Caribbean
United Kingdom,Costa Rica,2,Northern Europe,Latin America and the Caribbean
Chile,Costa Rica,9,Latin America and the Caribbean,Latin America and the Caribbean
Israel,Costa Rica,6,Western Asia,Latin America and the Caribbean
Belgium,Côte d'Ivoire,1,Western Europe,Sub-Saharan Africa
Canada,Côte d'Ivoire,1,Northern America,Sub-Saharan Africa
France,Côte d'Ivoire,121,Western Europe,Sub-Saharan Africa
Germany,Côte d'Ivoire,3,Western Europe,Sub-Saharan Africa
Norway,Côte d'Ivoire,2,Northern Europe,Sub-Saharan Africa
Switzerland,Côte d'Ivoire,2,Western Europe,Sub-Saharan Africa
United Kingdom,Côte d'Ivoire,3,Northern Europe,Sub-Saharan Africa
Austria,Croatia,58,Western Europe,Southern Europe
Belgium,Croatia,12,Western Europe,Southern Europe
Canada,Croatia,40,Northern America,Southern Europe
France,Croatia,20,Western Europe,Southern Europe
Germany,Croatia,412,Western Europe,Southern Europe
Hungary,Croatia,4,Eastern Europe,Southern Europe
Ireland,Croatia,82,Northern Europe,Southern Europe
New Zealand,Croatia,9,Australia and New Zealand,Southern Europe
Norway,Croatia,29,Northern Europe,Southern Europe
Switzerland,Croatia,85,Western Europe,Southern Europe
United Kingdom,Croatia,89,Northern Europe,Southern Europe
Chile,Croatia,1,Latin America and the Caribbean,Southern Europe
Estonia,Croatia,1,Northern Europe,Southern Europe
Slovenia,Croatia,322,Southern Europe,Southern Europe
Belgium,Cuba,30,Western Europe,Latin America and the Caribbean
Canada,Cuba,57,Northern America,Latin America and the Caribbean
France,Cuba,55,Western Europe,Latin America and the Caribbean
Germany,Cuba,13,Western Europe,Latin America and the Caribbean
Ireland,Cuba,23,Northern Europe,Latin America and the Caribbean
New Zealand,Cuba,5,Australia and New Zealand,Latin America and the Caribbean
Norway,Cuba,24,Northern Europe,Latin America and the Caribbean
Switzerland,Cuba,17,Western Europe,Latin America and the Caribbean
United Kingdom,Cuba,41,Northern Europe,Latin America and the Caribbean
Chile,Cuba,1455,Latin America and the Caribbean,Latin America and the Caribbean
Germany,Cyprus,246,Western Europe,Western Asia
Austria,Czech Republic,74,Western Europe,Eastern Europe
Belgium,Czech Republic,50,Western Europe,Eastern Europe
Canada,Czech Republic,125,Northern America,Eastern Europe
France,Czech Republic,83,Western Europe,Eastern Europe
Germany,Czech Republic,908,Western Europe,Eastern Europe
Hungary,Czech Republic,17,Eastern Europe,Eastern Europe
Ireland,Czech Republic,122,Northern Europe,Eastern Europe
New Zealand,Czech Republic,16,Australia and New Zealand,Eastern Europe
Norway,Czech Republic,307,Northern Europe,Eastern Europe
Switzerland,Czech Republic,113,Western Europe,Eastern Europe
United Kingdom,Czech Republic,708,Northern Europe,Eastern Europe
Israel,Czech Republic,29,Western Asia,Eastern Europe
Slovenia,Czech Republic,6,Southern Europe,Eastern Europe
Canada,Democratic People's Republic of Korea,20,Northern America,Eastern Asia
Germany,Democratic People's Republic of Korea,10,Western Europe,Eastern Asia
Canada,Democratic Republic of the Congo,61,Northern America,Sub-Saharan Africa
France,Democratic Republic of the Congo,104,Western Europe,Sub-Saharan Africa
Germany,Democratic Republic of the Congo,2,Western Europe,Sub-Saharan Africa
Ireland,Democratic Republic of the Congo,1,Northern Europe,Sub-Saharan Africa
New Zealand,Democratic Republic of the Congo,1,Australia and New Zealand,Sub-Saharan Africa
Norway,Democratic Republic of the Congo,1,Northern Europe,Sub-Saharan Africa
United Kingdom,Democratic Republic of the Congo,7,Northern Europe,Sub-Saharan Africa
Austria,Denmark,3,Western Europe,Northern Europe
Belgium,Denmark,15,Western Europe,Northern Europe
Canada,Denmark,3,Northern America,Northern Europe
France,Denmark,8,Western Europe,Northern Europe
Germany,Denmark,41,Western Europe,Northern Europe
Ireland,Denmark,3,Northern Europe,Northern Europe
New Zealand,Denmark,15,Australia and New Zealand,Northern Europe
Norway,Denmark,1081,Northern Europe,Northern Europe
Switzerland,Denmark,12,Western Europe,Northern Europe
United Kingdom,Denmark,41,Northern Europe,Northern Europe
Chile,Denmark,2,Latin America and the Caribbean,Northern Europe
Israel,Denmark,5,Western Asia,Northern Europe
Canada,Dominica,142,Northern America,Latin America and the Caribbean
New Zealand,Dominica,4,Australia and New Zealand,Latin America and the Caribbean
United Kingdom,Dominica,7,Northern Europe,Latin America and the Caribbean
Belgium,Dominican Republic,3,Western Europe,Latin America and the Caribbean
Canada,Dominican Republic,39,Northern America,Latin America and the Caribbean
France,Dominican Republic,13,Western Europe,Latin America and the Caribbean
Germany,Dominican Republic,22,Western Europe,Latin America and the Caribbean
Ireland,Dominican Republic,5,Northern Europe,Latin America and the Caribbean
New Zealand,Dominican Republic,3,Australia and New Zealand,Latin America and the Caribbean
Switzerland,Dominican Republic,5,Western Europe,Latin America and the Caribbean
United Kingdom,Dominican Republic,19,Northern Europe,Latin America and the Caribbean
Chile,Dominican Republic,42,Latin America and the Caribbean,Latin America and the Caribbean
Belgium,Ecuador,5,Western Europe,Latin America and the Caribbean
Canada,Ecuador,7,Northern America,Latin America and the Caribbean
France,Ecuador,12,Western Europe,Latin America and the Caribbean
Germany,Ecuador,41,Western Europe,Latin America and the Caribbean
New Zealand,Ecuador,1,Australia and New Zealand,Latin America and the Caribbean
Switzerland,Ecuador,14,Western Europe,Latin America and the Caribbean
United Kingdom,Ecuador,12,Northern Europe,Latin America and the Caribbean
Chile,Ecuador,2767,Latin America and the Caribbean,Latin America and the Caribbean
Israel,Ecuador,4,Western Asia,Latin America and the Caribbean
Belgium,Egypt,11,Western Europe,Northern Africa
Canada,Egypt,1145,Northern America,Northern Africa
Czech Republic,Egypt,2,Eastern Europe,Northern Africa
France,Egypt,132,Western Europe,Northern Africa
Germany,Egypt,1221,Western Europe,Northern Africa
Ireland,Egypt,557,Northern Europe,Northern Africa
New Zealand,Egypt,45,Australia and New Zealand,Northern Africa
Norway,Egypt,12,Northern Europe,Northern Africa
Switzerland,Egypt,25,Western Europe,Northern Africa
United Kingdom,Egypt,2268,Northern Europe,Northern Africa
Estonia,Egypt,1,Northern Europe,Northern Africa
Israel,Egypt,207,Western Asia,Northern Africa
Belgium,El Salvador,5,Western Europe,Latin America and the Caribbean
Canada,El Salvador,27,Northern America,Latin America and the Caribbean
Czech Republic,El Salvador,1,Eastern Europe,Latin America and the Caribbean
France,El Salvador,5,Western Europe,Latin America and the Caribbean
Ireland,El Salvador,3,Northern Europe,Latin America and the Caribbean
Norway,El Salvador,1,Northern Europe,Latin America and the Caribbean
United Kingdom,El Salvador,1,Northern Europe,Latin America and the Caribbean
Chile,El Salvador,5,Latin America and the Caribbean,Latin America and the Caribbean
Israel,El Salvador,1,Western Asia,Latin America and the Caribbean
Canada,Estonia,5,Northern America,Northern Europe
Czech Republic,Estonia,2,Eastern Europe,Northern Europe
France,Estonia,6,Western Europe,Northern Europe
Germany,Estonia,42,Western Europe,Northern Europe
Hungary,Estonia,12,Eastern Europe,Northern Europe
Norway,Estonia,15,Northern Europe,Northern Europe
Switzerland,Estonia,5,Western Europe,Northern Europe
United Kingdom,Estonia,25,Northern Europe,Northern Europe
Israel,Estonia,30,Western Asia,Northern Europe
Canada,Ethiopia,32,Northern America,Sub-Saharan Africa
Germany,Ethiopia,30,Western Europe,Sub-Saharan Africa
Ireland,Ethiopia,7,Northern Europe,Sub-Saharan Africa
New Zealand,Ethiopia,1,Australia and New Zealand,Sub-Saharan Africa
Norway,Ethiopia,12,Northern Europe,Sub-Saharan Africa
Switzerland,Ethiopia,5,Western Europe,Sub-Saharan Africa
United Kingdom,Ethiopia,20,Northern Europe,Sub-Saharan Africa
Israel,Ethiopia,2,Western Asia,Sub-Saharan Africa
Canada,Fiji,4,Northern America,Melanesia
New Zealand,Fiji,61,Australia and New Zealand,Melanesia
United Kingdom,Fiji,2,Northern Europe,Melanesia
Austria,Finland,2,Western Europe,Northern Europe
Belgium,Finland,8,Western Europe,Northern Europe
Canada,Finland,3,Northern America,Northern Europe
France,Finland,5,Western Europe,Northern Europe
Germany,Finland,61,Western Europe,Northern Europe
Ireland,Finland,4,Northern Europe,Northern Europe
New Zealand,Finland,5,Australia and New Zealand,Northern Europe
Norway,Finland,26,Northern Europe,Northern Europe
Switzerland,Finland,6,Western Europe,Northern Europe
United Kingdom,Finland,20,Northern Europe,Northern Europe
Estonia,Finland,25,Northern Europe,Northern Europe
Canada,The former Yugoslav Republic of Macedonia,12,Northern America,Southern Europe
Czech Republic,The former Yugoslav Republic of Macedonia,1,Eastern Europe,Southern Europe
France,The former Yugoslav Republic of Macedonia,34,Western Europe,Southern Europe
Germany,The former Yugoslav Republic of Macedonia,421,Western Europe,Southern Europe
Hungary,The former Yugoslav Republic of Macedonia,1,Eastern Europe,Southern Europe
Ireland,The former Yugoslav Republic of Macedonia,1,Northern Europe,Southern Europe
New Zealand,The former Yugoslav Republic of Macedonia,5,Australia and New Zealand,Southern Europe
Norway,The former Yugoslav Republic of Macedonia,7,Northern Europe,Southern Europe
Switzerland,The former Yugoslav Republic of Macedonia,19,Western Europe,Southern Europe
United Kingdom,The former Yugoslav Republic of Macedonia,13,Northern Europe,Southern Europe
Slovenia,The former Yugoslav Republic of Macedonia,75,Southern Europe,Southern Europe
Austria,France,3,Western Europe,Western Europe
Belgium,France,1393,Western Europe,Western Europe
Canada,France,431,Northern America,Western Europe
Germany,France,360,Western Europe,Western Europe
Hungary,France,1,Eastern Europe,Western Europe
Ireland,France,26,Northern Europe,Western Europe
New Zealand,France,18,Australia and New Zealand,Western Europe
Norway,France,35,Northern Europe,Western Europe
Switzerland,France,892,Western Europe,Western Europe
United Kingdom,France,116,Northern Europe,Western Europe
Chile,France,12,Latin America and the Caribbean,Western Europe
Israel,France,500,Western Asia,Western Europe
Slovenia,France,2,Southern Europe,Western Europe
France,Gabon,28,Western Europe,Sub-Saharan Africa
Germany,Gabon,10,Western Europe,Sub-Saharan Africa
Germany,Gambia,1,Western Europe,Sub-Saharan Africa
Belgium,Georgia,1,Western Europe,Western Asia
Canada,Georgia,2,Northern America,Western Asia
Czech Republic,Georgia,3,Eastern Europe,Western Asia
Germany,Georgia,394,Western Europe,Western Asia
Ireland,Georgia,1,Northern Europe,Western Asia
New Zealand,Georgia,3,Australia and New Zealand,Western Asia
Switzerland,Georgia,2,Western Europe,Western Asia
United Kingdom,Georgia,27,Northern Europe,Western Asia
Estonia,Georgia,3,Northern Europe,Western Asia
Israel,Georgia,16,Western Asia,Western Asia
Austria,Germany,1460,Western Europe,Western Europe
Belgium,Germany,447,Western Europe,Western Europe
Canada,Germany,233,Northern America,Western Europe
Czech Republic,Germany,11,Eastern Europe,Western Europe
France,Germany,769,Western Europe,Western Europe
Hungary,Germany,21,Eastern Europe,Western Europe
Ireland,Germany,95,Northern Europe,Western Europe
New Zealand,Germany,194,Australia and New Zealand,Western Europe
Norway,Germany,1589,Northern Europe,Western Europe
Switzerland,Germany,7136,Western Europe,Western Europe
United Kingdom,Germany,1175,Northern Europe,Western Europe
Chile,Germany,52,Latin America and the Caribbean,Western Europe
Estonia,Germany,6,Northern Europe,Western Europe
Israel,Germany,500,Western Asia,Western Europe
Slovenia,Germany,5,Southern Europe,Western Europe
Canada,Ghana,52,Northern America,Sub-Saharan Africa
Germany,Ghana,42,Western Europe,Sub-Saharan Africa
Ireland,Ghana,2,Northern Europe,Sub-Saharan Africa
New Zealand,Ghana,3,Australia and New Zealand,Sub-Saharan Africa
United Kingdom,Ghana,231,Northern Europe,Sub-Saharan Africa
Austria,Greece,16,Western Europe,Southern Europe
Belgium,Greece,342,Western Europe,Southern Europe
Canada,Greece,49,Northern America,Southern Europe
France,Greece,257,Western Europe,Southern Europe
Germany,Greece,2580,Western Europe,Southern Europe
Hungary,Greece,2,Eastern Europe,Southern Europe
Ireland,Greece,55,Northern Europe,Southern Europe
New Zealand,Greece,2,Australia and New Zealand,Southern Europe
Norway,Greece,20,Northern Europe,Southern Europe
Switzerland,Greece,217,Western Europe,Southern Europe
United Kingdom,Greece,1395,Northern Europe,Southern Europe
Israel,Greece,22,Western Asia,Southern Europe
Canada,Grenada,368,Northern America,Latin America and the Caribbean
Ireland,Grenada,5,Northern Europe,Latin America and the Caribbean
New Zealand,Grenada,4,Australia and New Zealand,Latin America and the Caribbean
United Kingdom,Grenada,82,Northern Europe,Latin America and the Caribbean
Canada,Guatemala,9,Northern America,Latin America and the Caribbean
France,Guatemala,5,Western Europe,Latin America and the Caribbean
Germany,Guatemala,26,Western Europe,Latin America and the Caribbean
Norway,Guatemala,3,Northern Europe,Latin America and the Caribbean
Switzerland,Guatemala,5,Western Europe,Latin America and the Caribbean
United Kingdom,Guatemala,4,Northern Europe,Latin America and the Caribbean
Chile,Guatemala,11,Latin America and the Caribbean,Latin America and the Caribbean
Israel,Guatemala,2,Western Asia,Latin America and the Caribbean
Belgium,Guinea,1,Western Europe,Sub-Saharan Africa
Canada,Guinea,1,Northern America,Sub-Saharan Africa
France,Guinea,71,Western Europe,Sub-Saharan Africa
Germany,Guinea,3,Western Europe,Sub-Saharan Africa
Switzerland,Guinea,3,Western Europe,Sub-Saharan Africa
United Kingdom,Guinea,1,Northern Europe,Sub-Saharan Africa
Germany,Guinea-Bissau,1,Western Europe,Sub-Saharan Africa
Canada,Guyana,13,Northern America,Latin America and the Caribbean
Norway,Guyana,2,Northern Europe,Latin America and the Caribbean
Switzerland,Guyana,1,Western Europe,Latin America and the Caribbean
United Kingdom,Guyana,16,Northern Europe,Latin America and the Caribbean
Belgium,Haiti,1,Western Europe,Latin America and the Caribbean
Canada,Haiti,69,Northern America,Latin America and the Caribbean
France,Haiti,48,Western Europe,Latin America and the Caribbean
Germany,Haiti,5,Western Europe,Latin America and the Caribbean
Ireland,Haiti,8,Northern Europe,Latin America and the Caribbean
Switzerland,Haiti,1,Western Europe,Latin America and the Caribbean
United Kingdom,Haiti,1,Northern Europe,Latin America and the Caribbean
Canada,Honduras,3,Northern America,Latin America and the Caribbean
France,Honduras,2,Western Europe,Latin America and the Caribbean
Germany,Honduras,22,Western Europe,Latin America and the Caribbean
Norway,Honduras,1,Northern Europe,Latin America and the Caribbean
United Kingdom,Honduras,3,Northern Europe,Latin America and the Caribbean
Chile,Honduras,13,Latin America and the Caribbean,Latin America and the Caribbean
Israel,Honduras,5,Western Asia,Latin America and the Caribbean
Austria,Hungary,234,Western Europe,Eastern Europe
Belgium,Hungary,60,Western Europe,Eastern Europe
Canada,Hungary,96,Northern America,Eastern Europe
Czech Republic,Hungary,2,Eastern Europe,Eastern Europe
France,Hungary,91,Western Europe,Eastern Europe
Germany,Hungary,1443,Western Europe,Eastern Europe
Ireland,Hungary,271,Northern Europe,Eastern Europe
New Zealand,Hungary,22,Australia and New Zealand,Eastern Europe
Norway,Hungary,1196,Northern Europe,Eastern Europe
Switzerland,Hungary,185,Western Europe,Eastern Europe
United Kingdom,Hungary,531,Northern Europe,Eastern Europe
Chile,Hungary,7,Latin America and the Caribbean,Eastern Europe
Israel,Hungary,1251,Western Asia,Eastern Europe
Slovenia,Hungary,20,Southern Europe,Eastern Europe
Canada,Iceland,4,Northern America,Northern Europe
France,Iceland,1,Western Europe,Northern Europe
Germany,Iceland,8,Western Europe,Northern Europe
Ireland,Iceland,1,Northern Europe,Northern Europe
New Zealand,Iceland,1,Australia and New Zealand,Northern Europe
Norway,Iceland,98,Northern Europe,Northern Europe
Switzerland,Iceland,1,Western Europe,Northern Europe
United Kingdom,Iceland,12,Northern Europe,Northern Europe
Australia,India,5336,Australia and New Zealand,Southern Asia
Belgium,India,4,Western Europe,Southern Asia
Canada,India,2163,Northern America,Southern Asia
Czech Republic,India,2,Eastern Europe,Southern Asia
France,India,13,Western Europe,Southern Asia
Germany,India,576,Western Europe,Southern Asia
Hungary,India,1,Eastern Europe,Southern Asia
Ireland,India,443,Northern Europe,Southern Asia
New Zealand,India,490,Australia and New Zealand,Southern Asia
Norway,India,45,Northern Europe,Southern Asia
Switzerland,India,11,Western Europe,Southern Asia
United Kingdom,India,15870,Northern Europe,Southern Asia
Israel,India,5,Western Asia,Southern Asia
Belgium,Indonesia,1,Western Europe,South-Eastern Asia
Canada,Indonesia,11,Northern America,South-Eastern Asia
Czech Republic,Indonesia,1,Eastern Europe,South-Eastern Asia
Germany,Indonesia,325,Western Europe,South-Eastern Asia
New Zealand,Indonesia,3,Australia and New Zealand,South-Eastern Asia
Norway,Indonesia,1,Northern Europe,South-Eastern Asia
United Kingdom,Indonesia,7,Northern Europe,South-Eastern Asia
Belgium,Iran,4,Western Europe,Southern Asia
Canada,Iran,802,Northern America,Southern Asia
France,Iran,73,Western Europe,Southern Asia
Germany,Iran,1003,Western Europe,Southern Asia
Hungary,Iran,1,Eastern Europe,Southern Asia
Ireland,Iran,12,Northern Europe,Southern Asia
New Zealand,Iran,9,Australia and New Zealand,Southern Asia
Norway,Iran,40,Northern Europe,Southern Asia
Switzerland,Iran,24,Western Europe,Southern Asia
United Kingdom,Iran,331,Northern Europe,Southern Asia
Israel,Iran,16,Western Asia,Southern Asia
Belgium,Iraq,18,Western Europe,Western Asia
Canada,Iraq,464,Northern America,Western Asia
Czech Republic,Iraq,1,Eastern Europe,Western Asia
France,Iraq,18,Western Europe,Western Asia
Germany,Iraq,398,Western Europe,Western Asia
Ireland,Iraq,168,Northern Europe,Western Asia
New Zealand,Iraq,106,Australia and New Zealand,Western Asia
Norway,Iraq,119,Northern Europe,Western Asia
Switzerland,Iraq,7,Western Europe,Western Asia
United Kingdom,Iraq,1236,Northern Europe,Western Asia
Israel,Iraq,7,Western Asia,Western Asia
Slovenia,Iraq,1,Southern Europe,Western Asia
Australia,Ireland,1236,Australia and New Zealand,Northern Europe
Belgium,Ireland,13,Western Europe,Northern Europe
Canada,Ireland,1884,Northern America,Northern Europe
France,Ireland,26,Western Europe,Northern Europe
Germany,Ireland,35,Western Europe,Northern Europe
New Zealand,Ireland,298,Australia and New Zealand,Northern Europe
Norway,Ireland,261,Northern Europe,Northern Europe
Switzerland,Ireland,8,Western Europe,Northern Europe
United Kingdom,Ireland,1755,Northern Europe,Northern Europe
Israel,Ireland,3,Western Asia,Northern Europe
Belgium,Israel,1,Western Europe,Western Asia
Canada,Israel,178,Northern America,Western Asia
Germany,Israel,277,Western Europe,Western Asia
New Zealand,Israel,15,Australia and New Zealand,Western Asia
Norway,Israel,1,Northern Europe,Western Asia
Switzerland,Israel,6,Western Europe,Western Asia
United Kingdom,Israel,37,Northern Europe,Western Asia
Chile,Israel,1,Latin America and the Caribbean,Western Asia
Austria,Italy,48,Western Europe,Southern Europe
Belgium,Italy,880,Western Europe,Southern Europe
Canada,Italy,126,Northern America,Southern Europe
Czech Republic,Italy,4,Eastern Europe,Southern Europe
France,Italy,1620,Western Europe,Southern Europe
Germany,Italy,1184,Western Europe,Southern Europe
Hungary,Italy,2,Eastern Europe,Southern Europe
Ireland,Italy,113,Northern Europe,Southern Europe
New Zealand,Italy,22,Australia and New Zealand,Southern Europe
Norway,Italy,43,Northern Europe,Southern Europe
Switzerland,Italy,1165,Western Europe,Southern Europe
United Kingdom,Italy,1152,Northern Europe,Southern Europe
Chile,Italy,13,Latin America and the Caribbean,Southern Europe
Estonia,Italy,3,Northern Europe,Southern Europe
Israel,Italy,1439,Western Asia,Southern Europe
Slovenia,Italy,46,Southern Europe,Southern Europe
Canada,Jamaica,192,Northern America,Latin America and the Caribbean
New Zealand,Jamaica,2,Australia and New Zealand,Latin America and the Caribbean
Belgium,Japan,3,Western Europe,Eastern Asia
Canada,Japan,22,Northern America,Eastern Asia
France,Japan,1,Western Europe,Eastern Asia
Germany,Japan,56,Western Europe,Eastern Asia
New Zealand,Japan,6,Australia and New Zealand,Eastern Asia
Norway,Japan,1,Northern Europe,Eastern Asia
United Kingdom,Japan,21,Northern Europe,Eastern Asia
Canada,Jordan,58,Northern America,Western Asia
France,Jordan,3,Western Europe,Western Asia
Germany,Jordan,726,Western Europe,Western Asia
Ireland,Jordan,21,Northern Europe,Western Asia
New Zealand,Jordan,3,Australia and New Zealand,Western Asia
Norway,Jordan,1,Northern Europe,Western Asia
United Kingdom,Jordan,181,Northern Europe,Western Asia
Estonia,Jordan,1,Northern Europe,Western Asia
Israel,Jordan,529,Western Asia,Western Asia
Canada,Kazakhstan,11,Northern America,Central Asia
Czech Republic,Kazakhstan,19,Eastern Europe,Central Asia
Germany,Kazakhstan,198,Western Europe,Central Asia
Ireland,Kazakhstan,4,Northern Europe,Central Asia
New Zealand,Kazakhstan,3,Australia and New Zealand,Central Asia
Norway,Kazakhstan,8,Northern Europe,Central Asia
Switzerland,Kazakhstan,7,Western Europe,Central Asia
United Kingdom,Kazakhstan,21,Northern Europe,Central Asia
Estonia,Kazakhstan,2,Northern Europe,Central Asia
Israel,Kazakhstan,17,Western Asia,Central Asia
Canada,Kenya,28,Northern America,Sub-Saharan Africa
Germany,Kenya,44,Western Europe,Sub-Saharan Africa
Ireland,Kenya,4,Northern Europe,Sub-Saharan Africa
New Zealand,Kenya,4,Australia and New Zealand,Sub-Saharan Africa
United Kingdom,Kenya,77,Northern Europe,Sub-Saharan Africa
Canada,Kuwait,22,Northern America,Western Asia
Germany,Kuwait,11,Western Europe,Western Asia
Ireland,Kuwait,12,Northern Europe,Western Asia
New Zealand,Kuwait,1,Australia and New Zealand,Western Asia
United Kingdom,Kuwait,4,Northern Europe,Western Asia
Canada,Kyrgyzstan,6,Northern America,Central Asia
Czech Republic,Kyrgyzstan,8,Eastern Europe,Central Asia
Germany,Kyrgyzstan,66,Western Europe,Central Asia
Hungary,Kyrgyzstan,1,Eastern Europe,Central Asia
Ireland,Kyrgyzstan,3,Northern Europe,Central Asia
Norway,Kyrgyzstan,3,Northern Europe,Central Asia
Switzerland,Kyrgyzstan,2,Western Europe,Central Asia
United Kingdom,Kyrgyzstan,3,Northern Europe,Central Asia
Slovenia,Kyrgyzstan,2,Southern Europe,Central Asia
France,Laos,3,Western Europe,South-Eastern Asia
Germany,Laos,1,Western Europe,South-Eastern Asia
Belgium,Latvia,18,Western Europe,Northern Europe
Canada,Latvia,12,Northern America,Northern Europe
France,Latvia,39,Western Europe,Northern Europe
Germany,Latvia,300,Western Europe,Northern Europe
Ireland,Latvia,61,Northern Europe,Northern Europe
New Zealand,Latvia,1,Australia and New Zealand,Northern Europe
Norway,Latvia,108,Northern Europe,Northern Europe
Switzerland,Latvia,11,Western Europe,Northern Europe
United Kingdom,Latvia,112,Northern Europe,Northern Europe
Chile,Latvia,1,Latin America and the Caribbean,Northern Europe
Estonia,Latvia,12,Northern Europe,Northern Europe
Israel,Latvia,86,Western Asia,Northern Europe
Belgium,Lebanon,10,Western Europe,Western Asia
Canada,Lebanon,182,Northern America,Western Asia
France,Lebanon,248,Western Europe,Western Asia
Germany,Lebanon,243,Western Europe,Western Asia
Ireland,Lebanon,6,Northern Europe,Western Asia
New Zealand,Lebanon,1,Australia and New Zealand,Western Asia
Norway,Lebanon,2,Northern Europe,Western Asia
Switzerland,Lebanon,8,Western Europe,Western Asia
United Kingdom,Lebanon,40,Northern Europe,Western Asia
Canada,Liberia,3,Northern America,Sub-Saharan Africa
Germany,Liberia,1,Western Europe,Sub-Saharan Africa
United Kingdom,Liberia,4,Northern Europe,Sub-Saharan Africa
Canada,Libya,480,Northern America,Northern Africa
France,Libya,5,Western Europe,Northern Africa
Germany,Libya,815,Western Europe,Northern Africa
Ireland,Libya,124,Northern Europe,Northern Africa
New Zealand,Libya,8,Australia and New Zealand,Northern Africa
Norway,Libya,5,Northern Europe,Northern Africa
Switzerland,Libya,4,Western Europe,Northern Africa
United Kingdom,Libya,345,Northern Europe,Northern Africa
Austria,Lithuania,2,Western Europe,Northern Europe
Belgium,Lithuania,37,Western Europe,Northern Europe
Canada,Lithuania,12,Northern America,Northern Europe
France,Lithuania,51,Western Europe,Northern Europe
Germany,Lithuania,409,Western Europe,Northern Europe
Hungary,Lithuania,1,Eastern Europe,Northern Europe
Ireland,Lithuania,67,Northern Europe,Northern Europe
New Zealand,Lithuania,2,Australia and New Zealand,Northern Europe
Norway,Lithuania,136,Northern Europe,Northern Europe
Switzerland,Lithuania,30,Western Europe,Northern Europe
United Kingdom,Lithuania,171,Northern Europe,Northern Europe
Estonia,Lithuania,3,Northern Europe,Northern Europe
Israel,Lithuania,152,Western Asia,Northern Europe
Belgium,Luxembourg,5,Western Europe,Western Europe
France,Luxembourg,2,Western Europe,Western Europe
Germany,Luxembourg,292,Western Europe,Western Europe
Switzerland,Luxembourg,1,Western Europe,Western Europe
Canada,Madagascar,8,Northern America,Sub-Saharan Africa
France,Madagascar,370,Western Europe,Sub-Saharan Africa
Switzerland,Madagascar,7,Western Europe,Sub-Saharan Africa
Canada,Malawi,2,Northern America,Sub-Saharan Africa
Ireland,Malawi,1,Northern Europe,Sub-Saharan Africa
United Kingdom,Malawi,26,Northern Europe,Sub-Saharan Africa
Australia,Malaysia,359,Australia and New Zealand,South-Eastern Asia
Canada,Malaysia,15,Northern America,South-Eastern Asia
Germany,Malaysia,24,Western Europe,South-Eastern Asia
Ireland,Malaysia,18,Northern Europe,South-Eastern Asia
New Zealand,Malaysia,20,Australia and New Zealand,South-Eastern Asia
United Kingdom,Malaysia,99,Northern Europe,South-Eastern Asia
Israel,Maldives,5,Western Asia,Southern Asia
Canada,Mali,1,Northern America,Sub-Saharan Africa
France,Mali,78,Western Europe,Sub-Saharan Africa
Germany,Mali,3,Western Europe,Sub-Saharan Africa
Norway,Mali,1,Northern Europe,Sub-Saharan Africa
Switzerland,Mali,2,Western Europe,Sub-Saharan Africa
United Kingdom,Mali,1,Northern Europe,Sub-Saharan Africa
Belgium,Malta,6,Western Europe,Southern Europe
Canada,Malta,3,Northern America,Southern Europe
France,Malta,1,Western Europe,Southern Europe
Germany,Malta,5,Western Europe,Southern Europe
Ireland,Malta,9,Northern Europe,Southern Europe
New Zealand,Malta,4,Australia and New Zealand,Southern Europe
Norway,Malta,14,Northern Europe,Southern Europe
United Kingdom,Malta,311,Northern Europe,Southern Europe
Germany,Mauritania,2,Western Europe,Sub-Saharan Africa
Canada,Mauritius,1,Northern America,Sub-Saharan Africa
Germany,Mauritius,65,Western Europe,Sub-Saharan Africa
New Zealand,Mauritius,3,Australia and New Zealand,Sub-Saharan Africa
United Kingdom,Mauritius,23,Northern Europe,Sub-Saharan Africa
Belgium,Mexico,4,Western Europe,Latin America and the Caribbean
Canada,Mexico,187,Northern America,Latin America and the Caribbean
France,Mexico,26,Western Europe,Latin America and the Caribbean
Germany,Mexico,185,Western Europe,Latin America and the Caribbean
Hungary,Mexico,1,Eastern Europe,Latin America and the Caribbean
Ireland,Mexico,18,Northern Europe,Latin America and the Caribbean
New Zealand,Mexico,5,Australia and New Zealand,Latin America and the Caribbean
Norway,Mexico,7,Northern Europe,Latin America and the Caribbean
Switzerland,Mexico,34,Western Europe,Latin America and the Caribbean
United Kingdom,Mexico,37,Northern Europe,Latin America and the Caribbean
Chile,Mexico,36,Latin America and the Caribbean,Latin America and the Caribbean
Israel,Mexico,49,Western Asia,Latin America and the Caribbean
France,Mongolia,3,Western Europe,Eastern Asia
Germany,Mongolia,54,Western Europe,Eastern Asia
Norway,Mongolia,1,Northern Europe,Eastern Asia
United Kingdom,Mongolia,3,Northern Europe,Eastern Asia
Germany,Montenegro,37,Western Europe,Southern Europe
Norway,Montenegro,1,Northern Europe,Southern Europe
Slovenia,Montenegro,6,Southern Europe,Southern Europe
Belgium,Morocco,13,Western Europe,Northern Africa
Canada,Morocco,45,Northern America,Northern Africa
France,Morocco,916,Western Europe,Northern Africa
Germany,Morocco,161,Western Europe,Northern Africa
Ireland,Morocco,1,Northern Europe,Northern Africa
Switzerland,Morocco,21,Western Europe,Northern Africa
United Kingdom,Morocco,5,Northern Europe,Northern Africa
Israel,Morocco,1,Western Asia,Northern Africa
Canada,Mozambique,1,Northern America,Sub-Saharan Africa
Germany,Mozambique,2,Western Europe,Sub-Saharan Africa
Switzerland,Mozambique,1,Western Europe,Sub-Saharan Africa
United Kingdom,Mozambique,2,Northern Europe,Sub-Saharan Africa
Canada,Myanmar,22,Northern America,South-Eastern Asia
Germany,Myanmar,1,Western Europe,South-Eastern Asia
Ireland,Myanmar,5,Northern Europe,South-Eastern Asia
New Zealand,Myanmar,16,Australia and New Zealand,South-Eastern Asia
Switzerland,Myanmar,1,Western Europe,South-Eastern Asia
United Kingdom,Myanmar,528,Northern Europe,South-Eastern Asia
Germany,Namibia,2,Western Europe,Sub-Saharan Africa
Canada,Nepal,8,Northern America,Southern Asia
Germany,Nepal,68,Western Europe,Southern Asia
New Zealand,Nepal,6,Australia and New Zealand,Southern Asia
Norway,Nepal,1,Northern Europe,Southern Asia
Switzerland,Nepal,2,Western Europe,Southern Asia
United Kingdom,Nepal,235,Northern Europe,Southern Asia
Austria,Netherlands,8,Western Europe,Western Europe
Belgium,Netherlands,1296,Western Europe,Western Europe
Canada,Netherlands,508,Northern America,Western Europe
France,Netherlands,111,Western Europe,Western Europe
Germany,Netherlands,636,Western Europe,Western Europe
Hungary,Netherlands,1,Eastern Europe,Western Europe
Ireland,Netherlands,33,Northern Europe,Western Europe
New Zealand,Netherlands,114,Australia and New Zealand,Western Europe
Norway,Netherlands,184,Northern Europe,Western Europe
Switzerland,Netherlands,65,Western Europe,Western Europe
United Kingdom,Netherlands,359,Northern Europe,Western Europe
Chile,Netherlands,3,Latin America and the Caribbean,Western Europe
Israel,Netherlands,33,Western Asia,Western Europe
Australia,New Zealand,2156,Australia and New Zealand,Australia and New Zealand
Canada,New Zealand,107,Northern America,Australia and New Zealand
Germany,New Zealand,4,Western Europe,Australia and New Zealand
Ireland,New Zealand,27,Northern Europe,Australia and New Zealand
Switzerland,New Zealand,1,Western Europe,Australia and New Zealand
United Kingdom,New Zealand,186,Northern Europe,Australia and New Zealand
Chile,New Zealand,1,Latin America and the Caribbean,Australia and New Zealand
Israel,New Zealand,5,Western Asia,Australia and New Zealand
Canada,Nicaragua,6,Northern America,Latin America and the Caribbean
France,Nicaragua,3,Western Europe,Latin America and the Caribbean
Germany,Nicaragua,16,Western Europe,Latin America and the Caribbean
Norway,Nicaragua,3,Northern Europe,Latin America and the Caribbean
Switzerland,Nicaragua,1,Western Europe,Latin America and the Caribbean
United Kingdom,Nicaragua,1,Northern Europe,Latin America and the Caribbean
Chile,Nicaragua,9,Latin America and the Caribbean,Latin America and the Caribbean
Belgium,Niger,1,Western Europe,Sub-Saharan Africa
France,Niger,15,Western Europe,Sub-Saharan Africa
Germany,Niger,1,Western Europe,Sub-Saharan Africa
United Kingdom,Niger,1,Northern Europe,Sub-Saharan Africa
Belgium,Nigeria,1,Western Europe,Sub-Saharan Africa
Canada,Nigeria,825,Northern America,Sub-Saharan Africa
France,Nigeria,3,Western Europe,Sub-Saharan Africa
Germany,Nigeria,93,Western Europe,Sub-Saharan Africa
Ireland,Nigeria,265,Northern Europe,Sub-Saharan Africa
New Zealand,Nigeria,12,Australia and New Zealand,Sub-Saharan Africa
Norway,Nigeria,3,Northern Europe,Sub-Saharan Africa
Switzerland,Nigeria,2,Western Europe,Sub-Saharan Africa
United Kingdom,Nigeria,2831,Northern Europe,Sub-Saharan Africa
Israel,Nigeria,2,Western Asia,Sub-Saharan Africa
Austria,Norway,4,Western Europe,Northern Europe
Belgium,Norway,1,Western Europe,Northern Europe
Canada,Norway,4,Northern America,Northern Europe
France,Norway,3,Western Europe,Northern Europe
Germany,Norway,69,Western Europe,Northern Europe
New Zealand,Norway,6,Australia and New Zealand,Northern Europe
Switzerland,Norway,4,Western Europe,Northern Europe
United Kingdom,Norway,10,Northern Europe,Northern Europe
Chile,Norway,1,Latin America and the Caribbean,Northern Europe
Israel,Norway,2,Western Asia,Northern Europe
Canada,Oman,9,Northern America,Western Asia
Germany,Oman,4,Western Europe,Western Asia
Ireland,Oman,25,Northern Europe,Western Asia
New Zealand,Oman,1,Australia and New Zealand,Western Asia
United Kingdom,Oman,10,Northern Europe,Western Asia
Belgium,Pakistan,4,Western Europe,Southern Asia
Canada,Pakistan,1023,Northern America,Southern Asia
France,Pakistan,4,Western Europe,Southern Asia
Germany,Pakistan,67,Western Europe,Southern Asia
Ireland,Pakistan,2037,Northern Europe,Southern Asia
New Zealand,Pakistan,79,Australia and New Zealand,Southern Asia
Norway,Pakistan,74,Northern Europe,Southern Asia
Switzerland,Pakistan,9,Western Europe,Southern Asia
United Kingdom,Pakistan,5922,Northern Europe,Southern Asia
Canada,Panama,3,Northern America,Latin America and the Caribbean
Ireland,Panama,1,Northern Europe,Latin America and the Caribbean
Norway,Panama,1,Northern Europe,Latin America and the Caribbean
United Kingdom,Panama,2,Northern Europe,Latin America and the Caribbean
Chile,Panama,4,Latin America and the Caribbean,Latin America and the Caribbean
New Zealand,Papua New Guinea,6,Australia and New Zealand,Melanesia
United Kingdom,Papua New Guinea,3,Northern Europe,Melanesia
Canada,Paraguay,5,Northern America,Latin America and the Caribbean
France,Paraguay,19,Western Europe,Latin America and the Caribbean
Germany,Paraguay,69,Western Europe,Latin America and the Caribbean
Norway,Paraguay,1,Northern Europe,Latin America and the Caribbean
Switzerland,Paraguay,2,Western Europe,Latin America and the Caribbean
United Kingdom,Paraguay,2,Northern Europe,Latin America and the Caribbean
Chile,Paraguay,12,Latin America and the Caribbean,Latin America and the Caribbean
Belgium,Peru,13,Western Europe,Latin America and the Caribbean
Canada,Peru,37,Northern America,Latin America and the Caribbean
France,Peru,45,Western Europe,Latin America and the Caribbean
Germany,Peru,100,Western Europe,Latin America and the Caribbean
Ireland,Peru,14,Northern Europe,Latin America and the Caribbean
New Zealand,Peru,5,Australia and New Zealand,Latin America and the Caribbean
Norway,Peru,5,Northern Europe,Latin America and the Caribbean
Switzerland,Peru,23,Western Europe,Latin America and the Caribbean
United Kingdom,Peru,25,Northern Europe,Latin America and the Caribbean
Chile,Peru,154,Latin America and the Caribbean,Latin America and the Caribbean
Israel,Peru,12,Western Asia,Latin America and the Caribbean
Australia,Philippines,614,Australia and New Zealand,South-Eastern Asia
Belgium,Philippines,2,Western Europe,South-Eastern Asia
Canada,Philippines,263,Northern America,South-Eastern Asia
Germany,Philippines,25,Western Europe,South-Eastern Asia
Ireland,Philippines,14,Northern Europe,South-Eastern Asia
New Zealand,Philippines,43,Australia and New Zealand,South-Eastern Asia
Norway,Philippines,16,Northern Europe,South-Eastern Asia
Switzerland,Philippines,3,Western Europe,South-Eastern Asia
United Kingdom,Philippines,90,Northern Europe,South-Eastern Asia
Chile,Philippines,1,Latin America and the Caribbean,South-Eastern Asia
Israel,Philippines,2,Western Asia,South-Eastern Asia
Austria,Poland,20,Western Europe,Eastern Europe
Belgium,Poland,88,Western Europe,Eastern Europe
Canada,Poland,569,Northern America,Eastern Europe
Czech Republic,Poland,37,Eastern Europe,Eastern Europe
France,Poland,256,Western Europe,Eastern Europe
Germany,Poland,1781,Western Europe,Eastern Europe
Hungary,Poland,8,Eastern Europe,Eastern Europe
Ireland,Poland,282,Northern Europe,Eastern Europe
New Zealand,Poland,36,Australia and New Zealand,Eastern Europe
Norway,Poland,2110,Northern Europe,Eastern Europe
Switzerland,Poland,188,Western Europe,Eastern Europe
United Kingdom,Poland,914,Northern Europe,Eastern Europe
Estonia,Poland,1,Northern Europe,Eastern Europe
Israel,Poland,203,Western Asia,Eastern Europe
Slovenia,Poland,5,Southern Europe,Eastern Europe
Austria,Portugal,1,Western Europe,Southern Europe
Belgium,Portugal,102,Western Europe,Southern Europe
Canada,Portugal,15,Northern America,Southern Europe
France,Portugal,114,Western Europe,Southern Europe
Germany,Portugal,194,Western Europe,Southern Europe
Ireland,Portugal,15,Northern Europe,Southern Europe
Norway,Portugal,8,Northern Europe,Southern Europe
Switzerland,Portugal,69,Western Europe,Southern Europe
United Kingdom,Portugal,127,Northern Europe,Southern Europe
Chile,Portugal,2,Latin America and the Caribbean,Southern Europe
Germany,Qatar,2,Western Europe,Western Asia
Canada,Republic of Korea,5,Northern America,Eastern Asia
Germany,Republic of Korea,95,Western Europe,Eastern Asia
Norway,Republic of Korea,3,Northern Europe,Eastern Asia
Switzerland,Republic of Korea,1,Western Europe,Eastern Asia
United Kingdom,Republic of Korea,2,Northern Europe,Eastern Asia
Belgium,Republic of Moldova,11,Western Europe,Eastern Europe
Canada,Republic of Moldova,19,Northern America,Eastern Europe
Czech Republic,Republic of Moldova,3,Eastern Europe,Eastern Europe
France,Republic of Moldova,101,Western Europe,Eastern Europe
Germany,Republic of Moldova,128,Western Europe,Eastern Europe
Ireland,Republic of Moldova,10,Northern Europe,Eastern Europe
Norway,Republic of Moldova,4,Northern Europe,Eastern Europe
Switzerland,Republic of Moldova,9,Western Europe,Eastern Europe
United Kingdom,Republic of Moldova,36,Northern Europe,Eastern Europe
Estonia,Republic of Moldova,4,Northern Europe,Eastern Europe
Israel,Republic of Moldova,421,Western Asia,Eastern Europe
Austria,Romania,62,Western Europe,Eastern Europe
Belgium,Romania,1319,Western Europe,Eastern Europe
Canada,Romania,333,Northern America,Eastern Europe
Czech Republic,Romania,8,Eastern Europe,Eastern Europe
France,Romania,4764,Western Europe,Eastern Europe
Germany,Romania,3978,Western Europe,Eastern Europe
Hungary,Romania,1870,Eastern Europe,Eastern Europe
Ireland,Romania,715,Northern Europe,Eastern Europe
New Zealand,Romania,19,Australia and New Zealand,Eastern Europe
Norway,Romania,169,Northern Europe,Eastern Europe
Switzerland,Romania,334,Western Europe,Eastern Europe
United Kingdom,Romania,1129,Northern Europe,Eastern Europe
Chile,Romania,12,Latin America and the Caribbean,Eastern Europe
Israel,Romania,1636,Western Asia,Eastern Europe
Slovenia,Romania,3,Southern Europe,Eastern Europe
Austria,Russian Federation,1,Western Europe,Eastern Europe
Belgium,Russian Federation,22,Western Europe,Eastern Europe
Canada,Russian Federation,254,Northern America,Eastern Europe
Czech Republic,Russian Federation,234,Eastern Europe,Eastern Europe
France,Russian Federation,301,Western Europe,Eastern Europe
Germany,Russian Federation,2091,Western Europe,Eastern Europe
Hungary,Russian Federation,213,Eastern Europe,Eastern Europe
Ireland,Russian Federation,49,Northern Europe,Eastern Europe
New Zealand,Russian Federation,53,Australia and New Zealand,Eastern Europe
Norway,Russian Federation,255,Northern Europe,Eastern Europe
Switzerland,Russian Federation,106,Western Europe,Eastern Europe
United Kingdom,Russian Federation,453,Northern Europe,Eastern Europe
Chile,Russian Federation,73,Latin America and the Caribbean,Eastern Europe
Estonia,Russian Federation,97,Northern Europe,Eastern Europe
Israel,Russian Federation,5896,Western Asia,Eastern Europe
Slovenia,Russian Federation,9,Southern Europe,Eastern Europe
Belgium,Rwanda,3,Western Europe,Sub-Saharan Africa
Canada,Rwanda,4,Northern America,Sub-Saharan Africa
France,Rwanda,11,Western Europe,Sub-Saharan Africa
Germany,Rwanda,4,Western Europe,Sub-Saharan Africa
Canada,Saint Kitts and Nevis,175,Northern America,Latin America and the Caribbean
United Kingdom,Saint Kitts and Nevis,23,Northern Europe,Latin America and the Caribbean
Canada,Saint Lucia,28,Northern America,Latin America and the Caribbean
United Kingdom,Saint Lucia,9,Northern Europe,Latin America and the Caribbean
Canada,Saint Vincent and the Grenadines,13,Northern America,Latin America and the Caribbean
New Zealand,Samoa,1,Australia and New Zealand,Polynesia
Belgium,Saudi Arabia,4,Western Europe,Western Asia
Canada,Saudi Arabia,348,Northern America,Western Asia
France,Saudi Arabia,1,Western Europe,Western Asia
Germany,Saudi Arabia,411,Western Europe,Western Asia
Ireland,Saudi Arabia,25,Northern Europe,Western Asia
United Kingdom,Saudi Arabia,19,Northern Europe,Western Asia
Canada,Senegal,5,Northern America,Sub-Saharan Africa
France,Senegal,89,Western Europe,Sub-Saharan Africa
Germany,Senegal,1,Western Europe,Sub-Saharan Africa
Switzerland,Senegal,1,Western Europe,Sub-Saharan Africa
United Kingdom,Senegal,2,Northern Europe,Sub-Saharan Africa
New Zealand,Seychelles,2,Australia and New Zealand,Sub-Saharan Africa
Germany,Sierra Leone,9,Western Europe,Sub-Saharan Africa
New Zealand,Sierra Leone,1,Australia and New Zealand,Sub-Saharan Africa
Switzerland,Sierra Leone,3,Western Europe,Sub-Saharan Africa
United Kingdom,Sierra Leone,19,Northern Europe,Sub-Saharan Africa
Belgium,Serbia,9,Western Europe,Southern Europe
Canada,Serbia,82,Northern America,Southern Europe
Czech Republic,Serbia,3,Eastern Europe,Southern Europe
Germany,Serbia,1364,Western Europe,Southern Europe
Hungary,Serbia,53,Eastern Europe,Southern Europe
Ireland,Serbia,6,Northern Europe,Southern Europe
New Zealand,Serbia,22,Australia and New Zealand,Southern Europe
Norway,Serbia,149,Northern Europe,Southern Europe
Switzerland,Serbia,63,Western Europe,Southern Europe
United Kingdom,Serbia,104,Northern Europe,Southern Europe
Slovenia,Serbia,412,Southern Europe,Southern Europe
Canada,Singapore,26,Northern America,South-Eastern Asia
France,Singapore,1,Western Europe,South-Eastern Asia
Germany,Singapore,6,Western Europe,South-Eastern Asia
New Zealand,Singapore,29,Australia and New Zealand,South-Eastern Asia
United Kingdom,Singapore,26,Northern Europe,South-Eastern Asia
Austria,Slovak Republic,105,Western Europe,Eastern Europe
Belgium,Slovak Republic,21,Western Europe,Eastern Europe
Canada,Slovak Republic,62,Northern America,Eastern Europe
Czech Republic,Slovak Republic,2218,Eastern Europe,Eastern Europe
France,Slovak Republic,49,Western Europe,Eastern Europe
Germany,Slovak Republic,1036,Western Europe,Eastern Europe
Hungary,Slovak Republic,51,Eastern Europe,Eastern Europe
Ireland,Slovak Republic,74,Northern Europe,Eastern Europe
New Zealand,Slovak Republic,5,Australia and New Zealand,Eastern Europe
Norway,Slovak Republic,407,Northern Europe,Eastern Europe
Switzerland,Slovak Republic,45,Western Europe,Eastern Europe
United Kingdom,Slovak Republic,184,Northern Europe,Eastern Europe
Slovenia,Slovak Republic,4,Southern Europe,Eastern Europe
Austria,Slovenia,50,Western Europe,Southern Europe
Belgium,Slovenia,5,Western Europe,Southern Europe
Canada,Slovenia,1,Northern America,Southern Europe
Germany,Slovenia,67,Western Europe,Southern Europe
Hungary,Slovenia,1,Eastern Europe,Southern Europe
Ireland,Slovenia,3,Northern Europe,Southern Europe
Norway,Slovenia,7,Northern Europe,Southern Europe
Switzerland,Slovenia,18,Western Europe,Southern Europe
United Kingdom,Slovenia,24,Northern Europe,Southern Europe
Israel,Slovenia,44,Western Asia,Southern Europe
Canada,Somalia,6,Northern America,Sub-Saharan Africa
Germany,Somalia,4,Western Europe,Sub-Saharan Africa
Norway,Somalia,1,Northern Europe,Sub-Saharan Africa
United Kingdom,Somalia,2,Northern Europe,Sub-Saharan Africa
Australia,South Africa,1846,Australia and New Zealand,Sub-Saharan Africa
Belgium,South Africa,59,Western Europe,Sub-Saharan Africa
Canada,South Africa,2651,Northern America,Sub-Saharan Africa
France,South Africa,2,Western Europe,Sub-Saharan Africa
Germany,South Africa,19,Western Europe,Sub-Saharan Africa
Ireland,South Africa,734,Northern Europe,Sub-Saharan Africa
New Zealand,South Africa,717,Australia and New Zealand,Sub-Saharan Africa
Norway,South Africa,4,Northern Europe,Sub-Saharan Africa
Switzerland,South Africa,15,Western Europe,Sub-Saharan Africa
United Kingdom,South Africa,1298,Northern Europe,Sub-Saharan Africa
Chile,South Africa,1,Latin America and the Caribbean,Sub-Saharan Africa
Israel,South Africa,121,Western Asia,Sub-Saharan Africa
Austria,Spain,13,Western Europe,Southern Europe
Belgium,Spain,313,Western Europe,Southern Europe
Canada,Spain,69,Northern America,Southern Europe
France,Spain,713,Western Europe,Southern Europe
Germany,Spain,531,Western Europe,Southern Europe
Ireland,Spain,108,Northern Europe,Southern Europe
New Zealand,Spain,26,Australia and New Zealand,Southern Europe
Norway,Spain,54,Northern Europe,Southern Europe
Switzerland,Spain,180,Western Europe,Southern Europe
United Kingdom,Spain,736,Northern Europe,Southern Europe
Chile,Spain,111,Latin America and the Caribbean,Southern Europe
Estonia,Spain,1,Northern Europe,Southern Europe
Israel,Spain,61,Western Asia,Southern Europe
Australia,Sri Lanka,1659,Australia and New Zealand,Southern Asia
Canada,Sri Lanka,238,Northern America,Southern Asia
Germany,Sri Lanka,27,Western Europe,Southern Asia
Ireland,Sri Lanka,7,Northern Europe,Southern Asia
New Zealand,Sri Lanka,121,Australia and New Zealand,Southern Asia
Norway,Sri Lanka,13,Northern Europe,Southern Asia
United Kingdom,Sri Lanka,1200,Northern Europe,Southern Asia
Belgium,Sudan,4,Western Europe,Northern Africa
Canada,Sudan,64,Northern America,Northern Africa
France,Sudan,3,Western Europe,Northern Africa
Germany,Sudan,76,Western Europe,Northern Africa
Ireland,Sudan,1295,Northern Europe,Northern Africa
New Zealand,Sudan,14,Australia and New Zealand,Northern Africa
Norway,Sudan,8,Northern Europe,Northern Africa
United Kingdom,Sudan,936,Northern Europe,Northern Africa
Belgium,Suriname,6,Western Europe,Latin America and the Caribbean
Switzerland,Suriname,1,Western Europe,Latin America and the Caribbean
Canada,Swaziland,1,Northern America,Sub-Saharan Africa
Austria,Sweden,9,Western Europe,Northern Europe
Belgium,Sweden,9,Western Europe,Northern Europe
Canada,Sweden,13,Northern America,Northern Europe
France,Sweden,22,Western Europe,Northern Europe
Germany,Sweden,80,Western Europe,Northern Europe
Ireland,Sweden,4,Northern Europe,Northern Europe
New Zealand,Sweden,23,Australia and New Zealand,Northern Europe
Norway,Sweden,587,Northern Europe,Northern Europe
Switzerland,Sweden,23,Western Europe,Northern Europe
United Kingdom,Sweden,47,Northern Europe,Northern Europe
Chile,Sweden,4,Latin America and the Caribbean,Northern Europe
Estonia,Sweden,6,Northern Europe,Northern Europe
Israel,Sweden,7,Western Asia,Northern Europe
Austria,Switzerland,57,Western Europe,Western Europe
Belgium,Switzerland,61,Western Europe,Western Europe
Canada,Switzerland,77,Northern America,Western Europe
France,Switzerland,102,Western Europe,Western Europe
Germany,Switzerland,208,Western Europe,Western Europe
Hungary,Switzerland,1,Eastern Europe,Western Europe
Ireland,Switzerland,7,Northern Europe,Western Europe
New Zealand,Switzerland,13,Australia and New Zealand,Western Europe
Norway,Switzerland,25,Northern Europe,Western Europe
United Kingdom,Switzerland,54,Northern Europe,Western Europe
Chile,Switzerland,7,Latin America and the Caribbean,Western Europe
Israel,Switzerland,30,Western Asia,Western Europe
Belgium,Syria,16,Western Europe,Western Asia
Canada,Syria,147,Northern America,Western Asia
Czech Republic,Syria,6,Eastern Europe,Western Asia
France,Syria,1000,Western Europe,Western Asia
Germany,Syria,3647,Western Europe,Western Asia
Hungary,Syria,2,Eastern Europe,Western Asia
Ireland,Syria,67,Northern Europe,Western Asia
New Zealand,Syria,7,Australia and New Zealand,Western Asia
Norway,Syria,19,Northern Europe,Western Asia
Switzerland,Syria,31,Western Europe,Western Asia
United Kingdom,Syria,391,Northern Europe,Western Asia
Chile,Syria,4,Latin America and the Caribbean,Western Asia
Israel,Syria,182,Western Asia,Western Asia
Canada,Tajikistan,1,Northern America,Central Asia
Czech Republic,Tajikistan,2,Eastern Europe,Central Asia
Germany,Tajikistan,25,Western Europe,Central Asia
Norway,Tajikistan,2,Northern Europe,Central Asia
United Kingdom,Tajikistan,6,Northern Europe,Central Asia
Israel,Tajikistan,32,Western Asia,Central Asia
Canada,Thailand,9,Northern America,South-Eastern Asia
Germany,Thailand,10,Western Europe,South-Eastern Asia
United Kingdom,Thailand,7,Northern Europe,South-Eastern Asia
Belgium,Togo,3,Western Europe,Sub-Saharan Africa
Canada,Togo,1,Northern America,Sub-Saharan Africa
France,Togo,140,Western Europe,Sub-Saharan Africa
Germany,Togo,4,Western Europe,Sub-Saharan Africa
Switzerland,Togo,2,Western Europe,Sub-Saharan Africa
Canada,Trinidad and Tobago,29,Northern America,Latin America and the Caribbean
Ireland,Trinidad and Tobago,7,Northern Europe,Latin America and the Caribbean
New Zealand,Trinidad and Tobago,2,Australia and New Zealand,Latin America and the Caribbean
Norway,Trinidad and Tobago,1,Northern Europe,Latin America and the Caribbean
Belgium,Tunisia,11,Western Europe,Northern Africa
Canada,Tunisia,54,Northern America,Northern Africa
France,Tunisia,834,Western Europe,Northern Africa
Germany,Tunisia,428,Western Europe,Northern Africa
Switzerland,Tunisia,33,Western Europe,Northern Africa
United Kingdom,Tunisia,16,Northern Europe,Northern Africa
Israel,Tunisia,6,Western Asia,Northern Africa
Belgium,Turkey,13,Western Europe,Western Asia
Canada,Turkey,56,Northern America,Western Asia
France,Turkey,29,Western Europe,Western Asia
Germany,Turkey,986,Western Europe,Western Asia
Hungary,Turkey,4,Eastern Europe,Western Asia
Ireland,Turkey,5,Northern Europe,Western Asia
New Zealand,Turkey,5,Australia and New Zealand,Western Asia
Norway,Turkey,14,Northern Europe,Western Asia
Switzerland,Turkey,58,Western Europe,Western Asia
United Kingdom,Turkey,107,Northern Europe,Western Asia
Israel,Turkey,38,Western Asia,Western Asia
Germany,Turkmenistan,16,Western Europe,Central Asia
United Kingdom,Turkmenistan,4,Northern Europe,Central Asia
Canada,Uganda,70,Northern America,Sub-Saharan Africa
Germany,Uganda,13,Western Europe,Sub-Saharan Africa
Switzerland,Uganda,1,Western Europe,Sub-Saharan Africa
United Kingdom,Uganda,52,Northern Europe,Sub-Saharan Africa
Belgium,Ukraine,7,Western Europe,Eastern Europe
Canada,Ukraine,142,Northern America,Eastern Europe
Czech Republic,Ukraine,564,Eastern Europe,Eastern Europe
France,Ukraine,95,Western Europe,Eastern Europe
Germany,Ukraine,1397,Western Europe,Eastern Europe
Hungary,Ukraine,374,Eastern Europe,Eastern Europe
Ireland,Ukraine,45,Northern Europe,Eastern Europe
New Zealand,Ukraine,17,Australia and New Zealand,Eastern Europe
Norway,Ukraine,100,Northern Europe,Eastern Europe
Switzerland,Ukraine,36,Western Europe,Eastern Europe
United Kingdom,Ukraine,330,Northern Europe,Eastern Europe
Chile,Ukraine,12,Latin America and the Caribbean,Eastern Europe
Estonia,Ukraine,75,Northern Europe,Eastern Europe
Israel,Ukraine,1387,Western Asia,Eastern Europe
Slovenia,Ukraine,4,Southern Europe,Eastern Europe
Canada,United Arab Emirates,34,Northern America,Western Asia
Germany,United Arab Emirates,37,Western Europe,Western Asia
Ireland,United Arab Emirates,15,Northern Europe,Western Asia
United Kingdom,United Arab Emirates,92,Northern Europe,Western Asia
Australia,United Kingdom,5892,Australia and New Zealand,Northern Europe
Austria,United Kingdom,15,Western Europe,Northern Europe
Belgium,United Kingdom,91,Western Europe,Northern Europe
Canada,United Kingdom,2118,Northern America,Northern Europe
France,United Kingdom,81,Western Europe,Northern Europe
Germany,United Kingdom,194,Western Europe,Northern Europe
Ireland,United Kingdom,766,Northern Europe,Northern Europe
New Zealand,United Kingdom,3092,Australia and New Zealand,Northern Europe
Norway,United Kingdom,143,Northern Europe,Northern Europe
Switzerland,United Kingdom,48,Western Europe,Northern Europe
Chile,United Kingdom,10,Latin America and the Caribbean,Northern Europe
Estonia,United Kingdom,3,Northern Europe,Northern Europe
Israel,United Kingdom,209,Western Asia,Northern Europe
Canada,United Republic of Tanzania,14,Northern America,Sub-Saharan Africa
Germany,United Republic of Tanzania,4,Western Europe,Sub-Saharan Africa
Ireland,United Republic of Tanzania,5,Northern Europe,Sub-Saharan Africa
New Zealand,United Republic of Tanzania,3,Australia and New Zealand,Sub-Saharan Africa
Norway,United Republic of Tanzania,1,Northern Europe,Sub-Saharan Africa
United Kingdom,United Republic of Tanzania,37,Northern Europe,Sub-Saharan Africa
Australia,United States,165,Australia and New Zealand,Northern America
Austria,United States,2,Western Europe,Northern America
Belgium,United States,4,Western Europe,Northern America
Canada,United States,1218,Northern America,Northern America
France,United States,7,Western Europe,Northern America
Germany,United States,243,Western Europe,Northern America
Hungary,United States,2,Eastern Europe,Northern America
Ireland,United States,41,Northern Europe,Northern America
New Zealand,United States,408,Australia and New Zealand,Northern America
Norway,United States,11,Northern Europe,Northern America
Switzerland,United States,86,Western Europe,Northern America
United Kingdom,United States,64,Northern Europe,Northern America
Chile,United States,5,Latin America and the Caribbean,Northern America
Estonia,United States,1,Northern Europe,Northern America
Israel,United States,481,Western Asia,Northern America
Belgium,Uruguay,2,Western Europe,Latin America and the Caribbean
Canada,Uruguay,6,Northern America,Latin America and the Caribbean
France,Uruguay,12,Western Europe,Latin America and the Caribbean
Germany,Uruguay,3,Western Europe,Latin America and the Caribbean
Ireland,Uruguay,2,Northern Europe,Latin America and the Caribbean
New Zealand,Uruguay,3,Australia and New Zealand,Latin America and the Caribbean
Norway,Uruguay,2,Northern Europe,Latin America and the Caribbean
Switzerland,Uruguay,7,Western Europe,Latin America and the Caribbean
United Kingdom,Uruguay,3,Northern Europe,Latin America and the Caribbean
Chile,Uruguay,347,Latin America and the Caribbean,Latin America and the Caribbean
Israel,Uruguay,39,Western Asia,Latin America and the Caribbean
Canada,Uzbekistan,8,Northern America,Central Asia
Czech Republic,Uzbekistan,17,Eastern Europe,Central Asia
Germany,Uzbekistan,119,Western Europe,Central Asia
Ireland,Uzbekistan,1,Northern Europe,Central Asia
Norway,Uzbekistan,6,Northern Europe,Central Asia
Switzerland,Uzbekistan,4,Western Europe,Central Asia
United Kingdom,Uzbekistan,20,Northern Europe,Central Asia
Israel,Uzbekistan,15,Western Asia,Central Asia
Belgium,Venezuela,12,Western Europe,Latin America and the Caribbean
Canada,Venezuela,31,Northern America,Latin America and the Caribbean
France,Venezuela,31,Western Europe,Latin America and the Caribbean
Germany,Venezuela,84,Western Europe,Latin America and the Caribbean
Ireland,Venezuela,12,Northern Europe,Latin America and the Caribbean
New Zealand,Venezuela,3,Australia and New Zealand,Latin America and the Caribbean
Norway,Venezuela,4,Northern Europe,Latin America and the Caribbean
Switzerland,Venezuela,11,Western Europe,Latin America and the Caribbean
United Kingdom,Venezuela,38,Northern Europe,Latin America and the Caribbean
Chile,Venezuela,2480,Latin America and the Caribbean,Latin America and the Caribbean
Israel,Venezuela,22,Western Asia,Latin America and the Caribbean
Belgium,Viet Nam,1,Western Europe,South-Eastern Asia
Canada,Viet Nam,141,Northern America,South-Eastern Asia
France,Viet Nam,63,Western Europe,South-Eastern Asia
Germany,Viet Nam,58,Western Europe,South-Eastern Asia
Hungary,Viet Nam,1,Eastern Europe,South-Eastern Asia
Norway,Viet Nam,4,Northern Europe,South-Eastern Asia
Switzerland,Viet Nam,5,Western Europe,South-Eastern Asia
United Kingdom,Viet Nam,2,Northern Europe,South-Eastern Asia
Belgium,Yemen,1,Western Europe,Western Asia
Canada,Yemen,12,Northern America,Western Asia
Czech Republic,Yemen,1,Eastern Europe,Western Asia
Germany,Yemen,248,Western Europe,Western Asia
Ireland,Yemen,19,Northern Europe,Western Asia
Norway,Yemen,2,Northern Europe,Western Asia
United Kingdom,Yemen,53,Northern Europe,Western Asia
Canada,Zambia,19,Northern America,Sub-Saharan Africa
Ireland,Zambia,1,Northern Europe,Sub-Saharan Africa
New Zealand,Zambia,9,Australia and New Zealand,Sub-Saharan Africa
United Kingdom,Zambia,47,Northern Europe,Sub-Saharan Africa
Australia,Zimbabwe,190,Australia and New Zealand,Sub-Saharan Africa
Canada,Zimbabwe,45,Northern America,Sub-Saharan Africa
Germany,Zimbabwe,6,Western Europe,Sub-Saharan Africa
Ireland,Zimbabwe,7,Northern Europe,Sub-Saharan Africa
New Zealand,Zimbabwe,36,Australia and New Zealand,Sub-Saharan Africa
Switzerland,Zimbabwe,1,Western Europe,Sub-Saharan Africa
United Kingdom,Zimbabwe,164,Northern Europe,Sub-Saharan Africa
France,Georgia,13,Western Europe,Western Asia
United Kingdom,Barbados,1,Northern Europe,Latin America and the Caribbean
Israel,Croatia,3,Western Asia,Southern Europe
France,Cyprus,1,Western Europe,Western Asia
United Kingdom,Gambia,2,Northern Europe,Sub-Saharan Africa
United Kingdom,Jamaica,25,Northern Europe,Latin America and the Caribbean
Hungary,Kazakhstan,1,Eastern Europe,Central Asia
Israel,Kuwait,1,Western Asia,Western Asia
France,Kyrgyzstan,1,Western Europe,Central Asia
Canada,Mongolia,1,Northern America,Eastern Asia
Israel,Pakistan,3,Western Asia,Southern Asia
Israel,Panama,1,Western Asia,Latin America and the Caribbean
Israel,Paraguay,5,Western Asia,Latin America and the Caribbean
United Kingdom,Rwanda,2,Northern Europe,Sub-Saharan Africa
Canada,Samoa,1,Northern America,Polynesia
Israel,Sudan,8,Western Asia,Northern Africa
United Kingdom,Trinidad and Tobago,1,Northern Europe,Latin America and the Caribbean
Israel,Turkmenistan,5,Western Asia,Central Asia
Hungary,United Kingdom,2,Eastern Europe,Northern Europe
Israel,Yemen,2,Western Asia,Western Asia
Lithuania,Belarus,26,Northern Europe,Eastern Europe
Lithuania,Canada,1,Northern Europe,Northern America
Lithuania,Estonia,6,Northern Europe,Northern Europe
Lithuania,Kazakhstan,2,Northern Europe,Central Asia
Lithuania,Latvia,1,Northern Europe,Northern Europe
Lithuania,Russian Federation,19,Northern Europe,Eastern Europe
Lithuania,Ukraine,10,Northern Europe,Eastern Europe
Lithuania,United States,2,Northern Europe,Northern America
Belgium,Afghanistan,6,Western Europe,Southern Asia
Czech Republic,Afghanistan,3,Eastern Europe,Southern Asia
Poland,Afghanistan,1,Eastern Europe,Southern Asia
Poland,Argentina,1,Eastern Europe,Latin America and the Caribbean
Poland,Armenia,8,Eastern Europe,Western Asia
Israel,Armenia,22,Western Asia,Western Asia
Latvia,Armenia,1,Northern Europe,Western Asia
Poland,Australia,1,Eastern Europe,Australia and New Zealand
Poland,Austria,15,Eastern Europe,Western Europe
Poland,Azerbaijan,2,Eastern Europe,Western Asia
Latvia,Azerbaijan,1,Northern Europe,Western Asia
Lithuania,Azerbaijan,1,Northern Europe,Western Asia
Hungary,Belarus,2,Eastern Europe,Eastern Europe
Poland,Belarus,299,Eastern Europe,Eastern Europe
Latvia,Belarus,55,Northern Europe,Eastern Europe
Poland,Belgium,3,Eastern Europe,Western Europe
Slovenia,Brazil,1,Southern Europe,Latin America and the Caribbean
Poland,Bulgaria,57,Eastern Europe,Eastern Europe
Poland,Burundi,2,Eastern Europe,Sub-Saharan Africa
Belgium,Cambodia,1,Western Europe,South-Eastern Asia
Poland,Cambodia,1,Eastern Europe,South-Eastern Asia
Poland,Canada,3,Eastern Europe,Northern America
France,Chad,1,Western Europe,Sub-Saharan Africa
Czech Republic,Chile,1,Eastern Europe,Latin America and the Caribbean
Poland,Chile,1,Eastern Europe,Latin America and the Caribbean
Poland,China,1,Eastern Europe,Eastern Asia
Chile,China,1,Latin America and the Caribbean,Eastern Asia
Poland,Colombia,1,Eastern Europe,Latin America and the Caribbean
Poland,Cuba,1,Eastern Europe,Latin America and the Caribbean
Poland,Czech Republic,55,Eastern Europe,Eastern Europe
Poland,Denmark,2,Eastern Europe,Northern Europe
Belgium,Dominica,1,Western Europe,Latin America and the Caribbean
Poland,Egypt,5,Eastern Europe,Northern Africa
Belgium,Estonia,3,Western Europe,Northern Europe
New Zealand,Estonia,1,Australia and New Zealand,Northern Europe
Poland,Estonia,1,Eastern Europe,Northern Europe
Latvia,Estonia,44,Northern Europe,Northern Europe
Poland,Finland,1,Eastern Europe,Northern Europe
Belgium,The former Yugoslav Republic of Macedonia,2,Western Europe,Southern Europe
Poland,France,8,Eastern Europe,Western Europe
Poland,Georgia,4,Eastern Europe,Western Asia
Latvia,Georgia,2,Northern Europe,Western Asia
Poland,Germany,58,Eastern Europe,Western Europe
Poland,Greece,1,Eastern Europe,Southern Europe
Estonia,Greece,1,Northern Europe,Southern Europe
Belgium,Guatemala,2,Western Europe,Latin America and the Caribbean
Poland,Hungary,20,Eastern Europe,Eastern Europe
Poland,India,4,Eastern Europe,Southern Asia
Latvia,India,1,Northern Europe,Southern Asia
Ireland,Indonesia,2,Northern Europe,South-Eastern Asia
Poland,Iran,1,Eastern Europe,Southern Asia
Poland,Iraq,2,Eastern Europe,Western Asia
Poland,Ireland,1,Eastern Europe,Northern Europe
Poland,Italy,15,Eastern Europe,Southern Europe
Ireland,Jamaica,1,Northern Europe,Latin America and the Caribbean
Belgium,Jordan,1,Western Europe,Western Asia
Belgium,Kazakhstan,1,Western Europe,Central Asia
Poland,Kazakhstan,36,Eastern Europe,Central Asia
Latvia,Kazakhstan,5,Northern Europe,Central Asia
Poland,Kyrgyzstan,3,Eastern Europe,Central Asia
Czech Republic,Latvia,1,Eastern Europe,Northern Europe
Poland,Latvia,7,Eastern Europe,Northern Europe
Poland,Libya,5,Eastern Europe,Northern Africa
Poland,Lithuania,42,Eastern Europe,Northern Europe
Latvia,Lithuania,7,Northern Europe,Northern Europe
Poland,Mexico,2,Eastern Europe,Latin America and the Caribbean
Czech Republic,Mongolia,2,Eastern Europe,Eastern Asia
Poland,Mongolia,27,Eastern Europe,Eastern Asia
Czech Republic,Netherlands,1,Eastern Europe,Western Europe
Poland,Netherlands,2,Eastern Europe,Western Europe
Poland,Norway,1,Eastern Europe,Northern Europe
Belgium,Panama,1,Western Europe,Latin America and the Caribbean
Latvia,Poland,4,Northern Europe,Eastern Europe
New Zealand,Portugal,1,Australia and New Zealand,Southern Europe
Poland,Portugal,4,Eastern Europe,Southern Europe
Chile,Republic of Moldova,2,Latin America and the Caribbean,Eastern Europe
Poland,Romania,7,Eastern Europe,Eastern Europe
Poland,Russian Federation,182,Eastern Europe,Eastern Europe
Latvia,Russian Federation,259,Northern Europe,Eastern Europe
Ireland,Saint Lucia,2,Northern Europe,Latin America and the Caribbean
Israel,Saudi Arabia,1,Western Asia,Western Asia
Poland,Serbia,2,Eastern Europe,Southern Europe
Chile,Serbia,1,Latin America and the Caribbean,Southern Europe
Latvia,Serbia,1,Northern Europe,Southern Europe
Poland,Slovak Republic,52,Eastern Europe,Eastern Europe
Poland,Spain,6,Eastern Europe,Southern Europe
Belgium,Sri Lanka,1,Western Europe,Southern Asia
Czech Republic,Sweden,1,Eastern Europe,Northern Europe
Hungary,Sweden,1,Eastern Europe,Northern Europe
Poland,Sweden,4,Eastern Europe,Northern Europe
Poland,Switzerland,2,Eastern Europe,Western Europe
Poland,Syria,4,Eastern Europe,Western Asia
Latvia,Tajikistan,1,Northern Europe,Central Asia
Poland,Turkey,3,Eastern Europe,Western Asia
Ireland,Uganda,1,Northern Europe,Sub-Saharan Africa
Poland,Ukraine,1000,Eastern Europe,Eastern Europe
Latvia,Ukraine,32,Northern Europe,Eastern Europe
Poland,United Kingdom,7,Eastern Europe,Northern Europe
Poland,United States,2,Eastern Europe,Northern America
Poland,Uzbekistan,8,Eastern Europe,Central Asia
Chile,Uzbekistan,2,Latin America and the Caribbean,Central Asia
Latvia,Uzbekistan,2,Northern Europe,Central Asia
Poland,Venezuela,2,Eastern Europe,Latin America and the Caribbean
France,Israel,2,Western Europe,Western Asia
France,Tajikistan,2,Western Europe,Central Asia
Switzerland,Ghana,1,Western Europe,Sub-Saharan Africa
Austria,Georgia,1,Western Europe,Western Asia
Austria,Latvia,3,Western Europe,Northern Europe
Switzerland,Turkmenistan,1,Western Europe,Central Asia
Poland,Republic of Moldova,9,Eastern Europe,Eastern Europe
Ireland,Honduras,1,Northern Europe,Latin America and the Caribbean
Austria,Ireland,1,Western Europe,Northern Europe
Estonia,Netherlands,1,Northern Europe,Western Europe
Switzerland,Grenada,1,Western Europe,Latin America and the Caribbean
Estonia,Syria,1,Northern Europe,Western Asia
Lithuania,Morocco,1,Northern Europe,Northern Africa
Switzerland,Indonesia,1,Western Europe,South-Eastern Asia
Slovenia,United Kingdom,1,Southern Europe,Northern Europe
Ireland,Mauritius,1,Northern Europe,Sub-Saharan Africa
Slovenia,United States,1,Southern Europe,Northern America
New Zealand,Democratic People's Republic of Korea,3,Australia and New Zealand,Eastern Asia
Switzerland,Burundi,1,Western Europe,Sub-Saharan Africa
Lithuania,Egypt,1,Northern Europe,Northern Africa
Switzerland,Benin,1,Western Europe,Sub-Saharan Africa
Chile,Slovak Republic,1,Latin America and the Caribbean,Eastern Europe
Slovenia,Australia,1,Southern Europe,Australia and New Zealand
Poland,Nepal,1,Eastern Europe,Southern Asia
Poland,Croatia,1,Eastern Europe,Southern Europe
Estonia,Czech Republic,1,Northern Europe,Eastern Europe
Hungary,Mongolia,1,Eastern Europe,Eastern Asia
Poland,Philippines,1,Eastern Europe,South-Eastern Asia
Canada,Qatar,1,Northern America,Western Asia
Switzerland,Democratic Republic of the Congo,2,Western Europe,Sub-Saharan Africa
Latvia,Venezuela,1,Northern Europe,Latin America and the Caribbean
Ireland,Dominica,1,Northern Europe,Latin America and the Caribbean
Lithuania,Iran,1,Northern Europe,Southern Asia
Austria,Cyprus,1,Western Europe,Western Asia
Latvia,Kyrgyzstan,2,Northern Europe,Central Asia
Israel,Serbia,1,Western Asia,Southern Europe
France,Yemen,1,Western Europe,Western Asia
Switzerland,Bangladesh,2,Western Europe,Southern Asia
Australia,Bangladesh,820,Australia and New Zealand,Southern Asia
Lithuania,France,1,Northern Europe,Western Europe
Czech Republic,United Kingdom,1,Eastern Europe,Northern Europe
Israel,Cyprus,1,Western Asia,Western Asia
Chile,Finland,1,Latin America and the Caribbean,Northern Europe
Czech Republic,Croatia,1,Eastern Europe,Southern Europe
Ireland,Antigua and Barbuda,1,Northern Europe,Latin America and the Caribbean
Ireland,Saint Kitts and Nevis,3,Northern Europe,Latin America and the Caribbean
Ireland,Israel,1,Northern Europe,Western Asia
Switzerland,Thailand,1,Western Europe,South-Eastern Asia
Chile,Australia,1,Latin America and the Caribbean,Australia and New Zealand
Czech Republic,Colombia,1,Eastern Europe,Latin America and the Caribbean
Czech Republic,Bolivia,1,Eastern Europe,Latin America and the Caribbean
Australia,Pakistan,1139,Australia and New Zealand,Southern Asia
Czech Republic,Albania,1,Eastern Europe,Southern Europe
France,Papua New Guinea,1,Western Europe,Melanesia
Germany,Botswana,1,Western Europe,Sub-Saharan Africa
Switzerland,Chinese Taipei,1,Western Europe,Eastern Asia
Belgium,Democratic Republic of the Congo,8,Western Europe,Sub-Saharan Africa
Germany,Djibouti,1,Western Europe,Sub-Saharan Africa
Germany,Bhutan,1,Western Europe,Southern Asia
Latvia,United Kingdom,1,Northern Europe,Northern Europe
Canada,Chinese Taipei,65,Northern America,Eastern Asia
Germany,Maldives,1,Western Europe,Southern Asia
Germany,Chinese Taipei,18,Western Europe,Eastern Asia
